"DESCRIPTION","DURATION IN MS","NAME","PARENT SUITE","START TIME","STATUS","STOP TIME","SUB SUITE","SUITE","TEST CLASS","TEST METHOD"
"","2729","Guest user completes full shopping bag lifecycle","","2026-10-01","passed","2026-10-01","","tests.api.E2EApiTests","tests.api.E2EApiTests","guestUserShoppingBagLifecycleTest"
"","363","Get first SKU from available product","","2026-10-01","passed","2026-10-01","","tests.api.ProductApiTests","tests.api.ProductApiTests","getFirstSkuFromAvailableProductsTest"
"","1670","Check update product in cart","","2026-10-01","passed","2026-10-01","","tests.api.BagApiTests","tests.api.BagApiTests","updateItemTest"
"","20326","Check account creation with invalid email data 1 => Invalid email","","2026-10-01","passed","2026-10-01","","tests.ui.account.RegistrationTests","tests.ui.account.RegistrationTests","accountCreationEmailValidationTest"
"","132","Get available product IDs from category","","2026-10-01","passed","2026-10-01","","tests.api.ProductApiTests","tests.api.ProductApiTests","getAvailableProductIdsTest"
"","34616","Verify maximum quantity of items allowed in cart","","2026-10-01","passed","2026-10-01","","tests.ui.MensClothesChapterUnauthorizedUserTests","tests.ui.MensClothesChapterUnauthorizedUserTests","addMaximumQuantityToCartTest"
"","20268","Verify clicking the basket button displays the 'Shopping Bag' title","","2026-10-01","passed","2026-10-01","","tests.ui.HomePageTests","tests.ui.HomePageTests","shouldDisplayShoppingBagTitleAfterClickingBasketButtonTest"
"","223","Get guest access token","","2026-10-01","passed","2026-10-01","","tests.api.TokenApiTests","tests.api.TokenApiTests","getGuestTokenTest"
"","2224","Check get different product variants in cart","","2026-10-01","passed","2026-10-01","","tests.api.BagApiTests","tests.api.BagApiTests","addAndGetProductVariantsTest"
"","16454","Verify that Home Page browser title is correct","","2026-10-01","passed","2026-10-01","","tests.ui.HomePageTests","tests.ui.HomePageTests","homePageTitleTest"
"","56172","Add item from catalog to cart and verify success message is shown","","2026-10-01","passed","2026-10-01","","tests.ui.MensClothesChapterUnauthorizedUserTests","tests.ui.MensClothesChapterUnauthorizedUserTests","addItemFromCatalogToCartTest"
"","20000","Check account creation with empty 'Zip Code'","","2026-10-01","passed","2026-10-01","","tests.ui.account.RegistrationTests","tests.ui.account.RegistrationTests","createAccountPageWithEmptyZipCodeTest"
"","347","Find available product with at least two SKUs","","2026-10-01","passed","2026-10-01","","tests.api.ProductApiTests","tests.api.ProductApiTests","getProductWithAtLeastTwoSkusTest"
"","21030","Verify footer content is displayed correctly","","2026-10-01","passed","2026-10-01","","tests.ui.HomePageTests","tests.ui.HomePageTests","shouldDisplayCorrectFooterContentTest"
"","17491","Click 'Favorites' button and verify 'Favorites' title text is displayed","","2026-10-01","passed","2026-10-01","","tests.ui.HomePageTests","tests.ui.HomePageTests","shouldDisplayFavoritesTitleAfterClickingFavoritesButtonTest"
"","17908","Verify that all header tab texts are displayed correctly","","2026-10-01","passed","2026-10-01","","tests.ui.HomePageTests","tests.ui.HomePageTests","shouldDisplayCorrectHeaderTabTextsTest"
"","19843","Check sign in with empty email","","2026-10-01","passed","2026-10-01","","tests.ui.account.SignInTests","tests.ui.account.SignInTests","emptyEmailSignInPageTest"
"","16206","Verify that the Home Page URL is correct after page load","","2026-10-01","passed","2026-10-01","","tests.ui.HomePageTests","tests.ui.HomePageTests","shouldLoadCorrectHomePageUrlTest"
"","407","Get inventory by product ID","","2026-10-01","passed","2026-10-01","","tests.api.ProductApiTests","tests.api.ProductApiTests","getInventoryByProductTest"
"","16690","Verify main header controls are displayed","","2026-10-01","passed","2026-10-01","","tests.ui.HomePageTests","tests.ui.HomePageTests","shouldDisplayMainHeaderControlsTest"
"","40540","Remove item from cart","","2026-10-01","passed","2026-10-01","","tests.ui.MensClothesChapterUnauthorizedUserTests","tests.ui.MensClothesChapterUnauthorizedUserTests","removeItemFromCartTest"
"","2081","Check adding different products from the same category to cart","","2026-10-01","passed","2026-10-01","","tests.api.BagApiTests","tests.api.BagApiTests","addDifferentProductsFromSameCategoryTest"
"","3068","Check get product in cart","","2026-10-01","passed","2026-10-01","","tests.api.BagApiTests","tests.api.BagApiTests","getItemTest"
"","36062","Check that product price in catalog matches the price in cart","","2026-10-01","passed","2026-10-01","","tests.ui.MensClothesChapterUnauthorizedUserTests","tests.ui.MensClothesChapterUnauthorizedUserTests","priceMatchesBetweenCatalogAndCartTest"
"","19795","Check account creation with invalid email data 2 => Empty email","","2026-10-01","passed","2026-10-01","","tests.ui.account.RegistrationTests","tests.ui.account.RegistrationTests","accountCreationEmailValidationTest"
"","20265","Check account creation with empty 'First Name' and empty 'Last Name'","","2026-10-01","passed","2026-10-01","","tests.ui.account.RegistrationTests","tests.ui.account.RegistrationTests","createAccountPageWithEmptyNamesFieldsTest"
"","35598","Selected product size is preserved in cart","","2026-10-01","passed","2026-10-01","","tests.ui.MensClothesChapterUnauthorizedUserTests","tests.ui.MensClothesChapterUnauthorizedUserTests","selectedProductSizeMatchesCartSizeTest"
"","1033","Add item with zero quantity","","2026-10-01","passed","2026-10-01","","tests.api.BagApiTests","tests.api.BagApiTests","addItemWithZeroQuantityTest"
"","21475","Search for existing products","","2026-10-01","passed","2026-10-01","","tests.ui.search.SearchTests","tests.ui.search.SearchTests","searchExistingProductsTest"
"","122","Get products by category","","2026-10-01","passed","2026-10-01","","tests.api.ProductApiTests","tests.api.ProductApiTests","getProductsByCategoryTest"
"","363","Get products with invalid category ID","","2026-10-01","passed","2026-10-01","","tests.api.ProductApiTests","tests.api.ProductApiTests","getProductsWithInvalidCategoryIdTest"
"","42043","Add item to bag, change quantity and verify subtotal","","2026-10-01","passed","2026-10-01","","tests.ui.MensClothesChapterUnauthorizedUserTests","tests.ui.MensClothesChapterUnauthorizedUserTests","addItemAndChangeQuantityInBagTest"
"","40439","Unlock 'Free Shipping' when total exceeds threshold","","2026-10-01","passed","2026-10-01","","tests.ui.MensClothesChapterUnauthorizedUserTests","tests.ui.MensClothesChapterUnauthorizedUserTests","addItemsUntilFreeShippingTest"
"","18303","Verify account panel content after clicking Account button","","2026-10-01","passed","2026-10-01","","tests.ui.HomePageTests","tests.ui.HomePageTests","shouldDisplayAccountPanelContentTest"
"","1003","Add item with invalid SKU","","2026-10-01","passed","2026-10-01","","tests.api.BagApiTests","tests.api.BagApiTests","addItemWithInvalidSkuTest"
"","2530","Check delete product in cart","","2026-10-01","passed","2026-10-01","","tests.api.BagApiTests","tests.api.BagApiTests","deleteItemTest"
"","18614","Check sign in with invalid email","","2026-10-01","passed","2026-10-01","","tests.ui.account.SignInTests","tests.ui.account.SignInTests","invalidEmailSignInPageTest"
"","1325","Check add product to cart","","2026-10-01","passed","2026-10-01","","tests.api.BagApiTests","tests.api.BagApiTests","addItemTest"
"","19704","Check account creation with empty 'Birthday' field and the checkbox 'I accept' unchecked","","2026-10-01","passed","2026-10-01","","tests.ui.account.RegistrationTests","tests.ui.account.RegistrationTests","createAccountPageWithEmptyBirthDateTest"
"","253","Get inventory with invalid product ID","","2026-10-01","passed","2026-10-01","","tests.api.ProductApiTests","tests.api.ProductApiTests","getInventoryWithInvalidProductIdTest"
"","27819","Verify Men's Clothes page is opened correctly","","2026-10-01","passed","2026-10-01","","tests.ui.MensClothesChapterUnauthorizedUserTests","tests.ui.MensClothesChapterUnauthorizedUserTests","checkMensFormPageTest"
"","17737","Click on search button and check search input field is displayed on homepage","","2026-10-01","passed","2026-10-01","","tests.ui.HomePageTests","tests.ui.HomePageTests","shouldDisplaySearchInputAfterClickingSearchButtonTest"
"","20307","Check account creation with empty password","","2026-10-01","passed","2026-10-01","","tests.ui.account.RegistrationTests","tests.ui.account.RegistrationTests","createAccountPageWithEmptyPasswordTest"
